Date,iOS 8.0 Sessions,iOS 8.1 Sessions,iOS 8.2 Sessions,iOS 8.3 Sessions,iOS 8.4 Sessions,iOS 9.0 Sessions,iOS 9.1 Sessions,iOS 9.2 Sessions,iOS 9.3 Sessions,iOS 10.0 Sessions,iOS 10.1 Sessions,iOS 10.2 Sessions,iOS 10.3 Sessions,iOS 11.0 Sessions,iOS 11.1 Sessions,iOS 11.2 Sessions,iOS 11.3 Sessions,iOS 11.4 Sessions,iOS 12.0 Sessions,iOS 12.1 Sessions,iOS 12.2 Sessions,iOS 12.3 Sessions,iOS 12.4 Sessions,iOS 12.5 Sessions,iOS 13.0 Sessions,iOS 13.1 Sessions,iOS 13.2 Sessions,iOS 13.3 Sessions,iOS 13.4 Sessions,iOS 13.5 Sessions,iOS 13.6 Sessions,iOS 13.7 Sessions,iOS 14.0 Sessions,iOS 14.1 Sessions,iOS 14.2 Sessions,iOS 14.3 Sessions,iOS 14.4 Sessions,iOS 14.5 Sessions,iOS 14.6 Sessions,iOS 14.7 Sessions,iOS 14.8 Sessions,iOS 15.0 Sessions,iOS 15.1 Sessions,iOS 15.2 Sessions,iOS 15.3 Sessions,iOS 15.4 Sessions,iOS 15.5 Sessions,iOS 15.6 Sessions,iOS 15.7 Sessions,iOS 15.8 Sessions,iOS 16.0 Sessions,iOS 16.1 Sessions,iOS 16.2 Sessions,iOS 16.3 Sessions,iOS 16.4 Sessions,iOS 16.5 Sessions,iOS 16.6 Sessions,iOS 17.0 Sessions,iOS 17.1 Sessions,iOS 17.2 Sessions,macOS 10.14.1 Sessions,macOS 10.14.2 Sessions,macOS 10.14.3 Sessions,macOS 10.14.4 Sessions,macOS 10.14.5 Sessions,macOS 10.14.6 Sessions,macOS 10.15 Sessions,macOS 10.15.1 Sessions,macOS 10.15.2 Sessions,macOS 10.15.3 Sessions,macOS 10.15.4 Sessions,macOS 10.15.5 Sessions,macOS 10.15.6 Sessions,macOS 10.15.7 Sessions,macOS 11.0 Sessions,macOS 11.0.1 Sessions,macOS 11.1 Sessions,macOS 11.2 Sessions,macOS 11.3 Sessions,macOS 11.4 Sessions,macOS 11.5 Sessions,macOS 11.6 Sessions,macOS 12.0 Sessions,macOS 12.1 Sessions,macOS 12.2 Sessions,macOS 12.3 Sessions,macOS 12.4 Sessions,macOS 12.5 Sessions,macOS 12.6 Sessions,macOS 12.7 Sessions,macOS 13.0 Sessions,macOS 13.1 Sessions,macOS 13.2 Sessions,macOS 13.3 Sessions,macOS 13.4 Sessions,macOS 13.5 Sessions,macOS 13.6 Sessions,macOS 14.0 Sessions,macOS 14.1 Sessions,macOS 14.2 Sessions,tvOS 9.0 Sessions,tvOS 9.1 Sessions,tvOS 9.2 Sessions,tvOS 10.0 Sessions,tvOS 10.1 Sessions,tvOS 10.2 Sessions,tvOS 11.0 Sessions,tvOS 11.1 Sessions,tvOS 11.2 Sessions,tvOS 11.3 Sessions,tvOS 11.4 Sessions,tvOS 12.0 Sessions,tvOS 12.1 Sessions,tvOS 12.2 Sessions,tvOS 12.3 Sessions,tvOS 12.4 Sessions,tvOS 13.0 Sessions,tvOS 13.2 Sessions,tvOS 13.3 Sessions,tvOS 13.4 Sessions,tvOS 14.0 Sessions,tvOS 14.2 Sessions,tvOS 14.3 Sessions,tvOS 14.4 Sessions,tvOS 14.5 Sessions,tvOS 14.6 Sessions,tvOS 14.7 Sessions,tvOS 15.0 Sessions,tvOS 15.1 Sessions,tvOS 15.2 Sessions,tvOS 15.3 Sessions,tvOS 15.4 Sessions,tvOS 15.5 Sessions,tvOS 15.6 Sessions,tvOS 16.0 Sessions,tvOS 16.1 Sessions,tvOS 16.2 Sessions,tvOS 16.3 Sessions,tvOS 16.4 Sessions,tvOS 16.5 Sessions,tvOS 16.6 Sessions,tvOS 17.0 Sessions,tvOS 17.1 Sessions,tvOS 17.2 Sessions
10/13/23,-,-,-,-,-,0.0,0.0,0.0,0.0,0.0,0.0,0.0,0.0,0.0,0.0,0.0,0.0,0.0,0.0,0.0,0.0,0.0,1.0,10.0,0.0,6.0,1.0,3.0,0.0,6.0,0.0,0.0,5.0,16.0,3.0,15.0,47.0,5.0,28.0,17.0,69.0,596.0,1108.0,1104.0,1602.0,3320.0,5693.0,21612.0,22288.0,0.0,26897.0,79764.0,30757.0,60907.0,8641.0,34471.0,1182906.0,491497.0,14233.0,0.0,-,-,-,-,-,-,-,-,-,-,-,-,-,-,-,-,-,-,-,-,-,-,-,-,-,-,-,-,-,-,-,-,-,-,-,-,-,-,-,-,-,-,-,-,-,-,-,-,-,-,-,-,-,-,-,-,-,-,-,-,-,-,-,-,-,-,-,-,-,-,-,-,-,-,-,-,-,-,-,-,-,-,-,-
10/14/23,-,-,-,-,-,0.0,0.0,0.0,0.0,0.0,0.0,0.0,0.0,0.0,0.0,0.0,0.0,0.0,0.0,0.0,0.0,0.0,1.0,24.0,0.0,3.0,1.0,2.0,0.0,4.0,0.0,0.0,1.0,2.0,8.0,4.0,35.0,3.0,14.0,59.0,53.0,572.0,1031.0,986.0,1599.0,3117.0,5762.0,21166.0,21212.0,0.0,28019.0,78812.0,30102.0,59880.0,8487.0,34040.0,1177500.0,513208.0,14536.0,0.0,-,-,-,-,-,-,-,-,-,-,-,-,-,-,-,-,-,-,-,-,-,-,-,-,-,-,-,-,-,-,-,-,-,-,-,-,-,-,-,-,-,-,-,-,-,-,-,-,-,-,-,-,-,-,-,-,-,-,-,-,-,-,-,-,-,-,-,-,-,-,-,-,-,-,-,-,-,-,-,-,-,-,-,-
10/15/23,-,-,-,-,-,0.0,0.0,0.0,0.0,0.0,0.0,0.0,0.0,0.0,0.0,0.0,0.0,1.0,0.0,2.0,0.0,0.0,2.0,20.0,0.0,6.0,0.0,3.0,1.0,3.0,0.0,1.0,2.0,5.0,7.0,3.0,26.0,2.0,25.0,56.0,62.0,599.0,1056.0,1070.0,1655.0,3407.0,5780.0,21996.0,21975.0,0.0,30507.0,85828.0,33009.0,63199.0,8813.0,36077.0,1251418.0,567974.0,16015.0,0.0,-,-,-,-,-,-,-,-,-,-,-,-,-,-,-,-,-,-,-,-,-,-,-,-,-,-,-,-,-,-,-,-,-,-,-,-,-,-,-,-,-,-,-,-,-,-,-,-,-,-,-,-,-,-,-,-,-,-,-,-,-,-,-,-,-,-,-,-,-,-,-,-,-,-,-,-,-,-,-,-,-,-,-,-
10/16/23,-,-,-,-,-,0.0,0.0,0.0,0.0,0.0,0.0,0.0,1.0,0.0,0.0,0.0,0.0,0.0,0.0,0.0,0.0,2.0,2.0,21.0,0.0,0.0,0.0,4.0,1.0,0.0,0.0,0.0,3.0,3.0,7.0,12.0,36.0,25.0,79.0,34.0,96.0,640.0,1107.0,1111.0,1699.0,3327.0,5872.0,22275.0,22204.0,0.0,27843.0,80128.0,30866.0,60999.0,8526.0,34689.0,1184754.0,521788.0,14575.0,0.0,-,-,-,-,-,-,-,-,-,-,-,-,-,-,-,-,-,-,-,-,-,-,-,-,-,-,-,-,-,-,-,-,-,-,-,-,-,-,-,-,-,-,-,-,-,-,-,-,-,-,-,-,-,-,-,-,-,-,-,-,-,-,-,-,-,-,-,-,-,-,-,-,-,-,-,-,-,-,-,-,-,-,-,-
10/17/23,-,-,-,-,-,0.0,0.0,0.0,0.0,0.0,0.0,0.0,0.0,0.0,0.0,0.0,0.0,1.0,0.0,0.0,0.0,0.0,0.0,18.0,0.0,0.0,0.0,1.0,0.0,4.0,0.0,3.0,4.0,2.0,5.0,17.0,19.0,2.0,31.0,34.0,83.0,549.0,1052.0,971.0,1542.0,3074.0,5739.0,20733.0,20662.0,0.0,25503.0,74876.0,28791.0,56849.0,7908.0,32002.0,1105498.0,487640.0,13899.0,0.0,-,-,-,-,-,-,-,-,-,-,-,-,-,-,-,-,-,-,-,-,-,-,-,-,-,-,-,-,-,-,-,-,-,-,-,-,-,-,-,-,-,-,-,-,-,-,-,-,-,-,-,-,-,-,-,-,-,-,-,-,-,-,-,-,-,-,-,-,-,-,-,-,-,-,-,-,-,-,-,-,-,-,-,-
10/18/23,-,-,-,-,-,0.0,0.0,0.0,0.0,0.0,0.0,0.0,0.0,0.0,0.0,0.0,0.0,0.0,0.0,1.0,0.0,1.0,1.0,21.0,0.0,0.0,0.0,1.0,0.0,2.0,10.0,2.0,1.0,7.0,8.0,1.0,16.0,9.0,20.0,30.0,44.0,574.0,1049.0,1005.0,1493.0,2859.0,5406.0,19944.0,20428.0,0.0,24362.0,73581.0,28918.0,55049.0,7709.0,31606.0,1079178.0,480436.0,14035.0,0.0,-,-,-,-,-,-,-,-,-,-,-,-,-,-,-,-,-,-,-,-,-,-,-,-,-,-,-,-,-,-,-,-,-,-,-,-,-,-,-,-,-,-,-,-,-,-,-,-,-,-,-,-,-,-,-,-,-,-,-,-,-,-,-,-,-,-,-,-,-,-,-,-,-,-,-,-,-,-,-,-,-,-,-,-
10/19/23,-,-,-,-,-,0.0,0.0,0.0,0.0,0.0,0.0,0.0,0.0,0.0,0.0,0.0,0.0,1.0,0.0,0.0,0.0,0.0,3.0,21.0,0.0,0.0,1.0,2.0,0.0,0.0,0.0,0.0,2.0,0.0,1.0,7.0,34.0,7.0,18.0,52.0,119.0,525.0,1030.0,952.0,1527.0,2913.0,5392.0,20259.0,20456.0,0.0,24818.0,72565.0,28050.0,54587.0,7608.0,31829.0,1065951.0,484347.0,14491.0,0.0,-,-,-,-,-,-,-,-,-,-,-,-,-,-,-,-,-,-,-,-,-,-,-,-,-,-,-,-,-,-,-,-,-,-,-,-,-,-,-,-,-,-,-,-,-,-,-,-,-,-,-,-,-,-,-,-,-,-,-,-,-,-,-,-,-,-,-,-,-,-,-,-,-,-,-,-,-,-,-,-,-,-,-,-
10/20/23,-,-,-,-,-,0.0,0.0,0.0,0.0,0.0,0.0,0.0,0.0,0.0,0.0,0.0,0.0,0.0,0.0,0.0,2.0,0.0,1.0,14.0,0.0,0.0,0.0,1.0,5.0,0.0,1.0,0.0,2.0,7.0,8.0,7.0,43.0,4.0,52.0,33.0,77.0,548.0,1086.0,1003.0,1503.0,2843.0,5236.0,20585.0,20047.0,0.0,24665.0,74230.0,28534.0,56345.0,7926.0,31850.0,1097812.0,506081.0,15684.0,0.0,-,-,-,-,-,-,-,-,-,-,-,-,-,-,-,-,-,-,-,-,-,-,-,-,-,-,-,-,-,-,-,-,-,-,-,-,-,-,-,-,-,-,-,-,-,-,-,-,-,-,-,-,-,-,-,-,-,-,-,-,-,-,-,-,-,-,-,-,-,-,-,-,-,-,-,-,-,-,-,-,-,-,-,-
10/21/23,-,-,-,-,-,0.0,0.0,0.0,0.0,0.0,0.0,0.0,4.0,0.0,0.0,0.0,0.0,0.0,0.0,1.0,0.0,0.0,0.0,12.0,0.0,0.0,14.0,0.0,0.0,0.0,5.0,0.0,0.0,3.0,10.0,11.0,54.0,2.0,35.0,48.0,92.0,518.0,1128.0,973.0,1516.0,2984.0,5312.0,20552.0,20300.0,0.0,26448.0,77767.0,29863.0,57564.0,7962.0,32635.0,1133415.0,546362.0,17005.0,0.0,-,-,-,-,-,-,-,-,-,-,-,-,-,-,-,-,-,-,-,-,-,-,-,-,-,-,-,-,-,-,-,-,-,-,-,-,-,-,-,-,-,-,-,-,-,-,-,-,-,-,-,-,-,-,-,-,-,-,-,-,-,-,-,-,-,-,-,-,-,-,-,-,-,-,-,-,-,-,-,-,-,-,-,-
10/22/23,-,-,-,-,-,0.0,0.0,0.0,0.0,0.0,0.0,0.0,1.0,0.0,0.0,0.0,0.0,0.0,0.0,0.0,0.0,0.0,1.0,20.0,0.0,0.0,1.0,0.0,19.0,1.0,0.0,3.0,0.0,3.0,5.0,6.0,27.0,7.0,52.0,58.0,94.0,553.0,1152.0,931.0,1608.0,3040.0,5967.0,20785.0,20144.0,4.0,27829.0,79107.0,30965.0,59092.0,7727.0,34006.0,1153083.0,567205.0,18062.0,0.0,-,-,-,-,-,-,-,-,-,-,-,-,-,-,-,-,-,-,-,-,-,-,-,-,-,-,-,-,-,-,-,-,-,-,-,-,-,-,-,-,-,-,-,-,-,-,-,-,-,-,-,-,-,-,-,-,-,-,-,-,-,-,-,-,-,-,-,-,-,-,-,-,-,-,-,-,-,-,-,-,-,-,-,-
10/23/23,-,-,-,-,-,0.0,0.0,0.0,0.0,0.0,0.0,0.0,0.0,0.0,0.0,0.0,0.0,0.0,0.0,1.0,0.0,0.0,16.0,14.0,0.0,0.0,4.0,3.0,2.0,4.0,0.0,1.0,2.0,2.0,12.0,17.0,59.0,5.0,39.0,94.0,98.0,614.0,1035.0,1102.0,1660.0,2962.0,5801.0,21826.0,20696.0,2.0,26070.0,77413.0,30437.0,58728.0,8012.0,33233.0,1127993.0,542697.0,17440.0,2.0,-,-,-,-,-,-,-,-,-,-,-,-,-,-,-,-,-,-,-,-,-,-,-,-,-,-,-,-,-,-,-,-,-,-,-,-,-,-,-,-,-,-,-,-,-,-,-,-,-,-,-,-,-,-,-,-,-,-,-,-,-,-,-,-,-,-,-,-,-,-,-,-,-,-,-,-,-,-,-,-,-,-,-,-
10/24/23,-,-,-,-,-,0.0,0.0,0.0,0.0,0.0,0.0,0.0,0.0,0.0,0.0,0.0,0.0,1.0,0.0,0.0,0.0,0.0,1.0,22.0,0.0,0.0,0.0,3.0,0.0,0.0,0.0,3.0,1.0,1.0,7.0,16.0,28.0,4.0,27.0,41.0,69.0,432.0,906.0,983.0,1564.0,2910.0,5232.0,19940.0,19969.0,10.0,23881.0,71863.0,27887.0,54067.0,7638.0,31088.0,1042327.0,506449.0,16953.0,27.0,-,-,-,-,-,-,-,-,-,-,-,-,-,-,-,-,-,-,-,-,-,-,-,-,-,-,-,-,-,-,-,-,-,-,-,-,-,-,-,-,-,-,-,-,-,-,-,-,-,-,-,-,-,-,-,-,-,-,-,-,-,-,-,-,-,-,-,-,-,-,-,-,-,-,-,-,-,-,-,-,-,-,-,-
10/25/23,-,-,-,-,-,0.0,0.0,0.0,0.0,0.0,0.0,0.0,0.0,0.0,0.0,0.0,0.0,0.0,0.0,0.0,0.0,0.0,0.0,5.0,0.0,0.0,0.0,17.0,0.0,2.0,0.0,1.0,0.0,14.0,8.0,4.0,32.0,1.0,41.0,68.0,62.0,609.0,917.0,956.0,1580.0,2871.0,5152.0,19489.0,20579.0,39.0,23769.0,73314.0,27774.0,54011.0,7558.0,30834.0,1044042.0,502760.0,23197.0,59.0,-,-,-,-,-,-,-,-,-,-,-,-,-,-,-,-,-,-,-,-,-,-,-,-,-,-,-,-,-,-,-,-,-,-,-,-,-,-,-,-,-,-,-,-,-,-,-,-,-,-,-,-,-,-,-,-,-,-,-,-,-,-,-,-,-,-,-,-,-,-,-,-,-,-,-,-,-,-,-,-,-,-,-,-
10/26/23,-,-,-,-,-,0.0,0.0,0.0,0.0,0.0,0.0,0.0,0.0,0.0,0.0,0.0,0.0,0.0,0.0,1.0,0.0,2.0,1.0,11.0,0.0,0.0,0.0,3.0,0.0,0.0,1.0,0.0,10.0,14.0,12.0,7.0,32.0,4.0,25.0,58.0,68.0,489.0,893.0,942.0,1675.0,2953.0,5475.0,19963.0,20303.0,231.0,23736.0,72275.0,27529.0,53706.0,7803.0,30784.0,1051069.0,490736.0,47110.0,219.0,-,-,-,-,-,-,-,-,-,-,-,-,-,-,-,-,-,-,-,-,-,-,-,-,-,-,-,-,-,-,-,-,-,-,-,-,-,-,-,-,-,-,-,-,-,-,-,-,-,-,-,-,-,-,-,-,-,-,-,-,-,-,-,-,-,-,-,-,-,-,-,-,-,-,-,-,-,-,-,-,-,-,-,-
10/27/23,-,-,-,-,-,0.0,0.0,0.0,0.0,0.0,0.0,0.0,1.0,0.0,0.0,0.0,0.0,1.0,0.0,2.0,0.0,1.0,2.0,11.0,0.0,1.0,4.0,0.0,3.0,0.0,1.0,1.0,0.0,6.0,8.0,2.0,37.0,8.0,30.0,44.0,71.0,460.0,861.0,1062.0,1556.0,2919.0,5446.0,20105.0,20196.0,383.0,24581.0,74079.0,28265.0,55362.0,7820.0,31719.0,1085711.0,490804.0,66548.0,1458.0,-,-,-,-,-,-,-,-,-,-,-,-,-,-,-,-,-,-,-,-,-,-,-,-,-,-,-,-,-,-,-,-,-,-,-,-,-,-,-,-,-,-,-,-,-,-,-,-,-,-,-,-,-,-,-,-,-,-,-,-,-,-,-,-,-,-,-,-,-,-,-,-,-,-,-,-,-,-,-,-,-,-,-,-
10/28/23,-,-,-,-,-,0.0,0.0,0.0,0.0,0.0,0.0,0.0,0.0,0.0,0.0,0.0,0.0,0.0,0.0,0.0,2.0,0.0,4.0,17.0,0.0,0.0,0.0,12.0,0.0,1.0,0.0,0.0,5.0,4.0,13.0,13.0,36.0,13.0,32.0,28.0,57.0,448.0,789.0,848.0,1480.0,2949.0,5159.0,19634.0,19184.0,482.0,25274.0,73796.0,28513.0,55084.0,7623.0,31104.0,1085043.0,494344.0,77220.0,4348.0,-,-,-,-,-,-,-,-,-,-,-,-,-,-,-,-,-,-,-,-,-,-,-,-,-,-,-,-,-,-,-,-,-,-,-,-,-,-,-,-,-,-,-,-,-,-,-,-,-,-,-,-,-,-,-,-,-,-,-,-,-,-,-,-,-,-,-,-,-,-,-,-,-,-,-,-,-,-,-,-,-,-,-,-
10/29/23,-,-,-,-,-,0.0,0.0,0.0,0.0,0.0,0.0,0.0,0.0,0.0,0.0,0.0,0.0,0.0,0.0,0.0,0.0,1.0,3.0,9.0,0.0,2.0,0.0,14.0,0.0,1.0,2.0,1.0,12.0,19.0,1.0,2.0,41.0,3.0,21.0,37.0,113.0,456.0,900.0,1026.0,1466.0,2850.0,5049.0,19791.0,19062.0,632.0,26690.0,76700.0,29355.0,56748.0,7873.0,31505.0,1101847.0,505597.0,89697.0,7771.0,-,-,-,-,-,-,-,-,-,-,-,-,-,-,-,-,-,-,-,-,-,-,-,-,-,-,-,-,-,-,-,-,-,-,-,-,-,-,-,-,-,-,-,-,-,-,-,-,-,-,-,-,-,-,-,-,-,-,-,-,-,-,-,-,-,-,-,-,-,-,-,-,-,-,-,-,-,-,-,-,-,-,-,-
10/30/23,-,-,-,-,-,0.0,0.0,0.0,0.0,0.0,0.0,0.0,1.0,0.0,0.0,0.0,0.0,0.0,0.0,0.0,0.0,0.0,1.0,10.0,0.0,1.0,0.0,5.0,0.0,0.0,1.0,0.0,0.0,14.0,29.0,9.0,34.0,5.0,15.0,57.0,79.0,452.0,825.0,935.0,1576.0,2913.0,5444.0,20345.0,19167.0,692.0,24644.0,74436.0,28623.0,55839.0,7885.0,31424.0,1070859.0,466598.0,91553.0,9990.0,-,-,-,-,-,-,-,-,-,-,-,-,-,-,-,-,-,-,-,-,-,-,-,-,-,-,-,-,-,-,-,-,-,-,-,-,-,-,-,-,-,-,-,-,-,-,-,-,-,-,-,-,-,-,-,-,-,-,-,-,-,-,-,-,-,-,-,-,-,-,-,-,-,-,-,-,-,-,-,-,-,-,-,-
10/31/23,-,-,-,-,-,0.0,0.0,0.0,1.0,0.0,0.0,0.0,0.0,0.0,0.0,0.0,0.0,0.0,0.0,0.0,0.0,0.0,1.0,15.0,0.0,1.0,0.0,3.0,2.0,1.0,1.0,0.0,1.0,9.0,7.0,12.0,61.0,4.0,29.0,45.0,62.0,396.0,752.0,866.0,1363.0,2592.0,4797.0,18596.0,17568.0,893.0,21889.0,67224.0,25643.0,50451.0,7036.0,28763.0,976590.0,411795.0,90403.0,10532.0,-,-,-,-,-,-,-,-,-,-,-,-,-,-,-,-,-,-,-,-,-,-,-,-,-,-,-,-,-,-,-,-,-,-,-,-,-,-,-,-,-,-,-,-,-,-,-,-,-,-,-,-,-,-,-,-,-,-,-,-,-,-,-,-,-,-,-,-,-,-,-,-,-,-,-,-,-,-,-,-,-,-,-,-
11/1/23,-,-,-,-,-,0.0,0.0,0.0,0.0,0.0,0.0,0.0,0.0,0.0,0.0,0.0,0.0,0.0,0.0,0.0,0.0,1.0,0.0,7.0,0.0,1.0,0.0,1.0,0.0,0.0,2.0,2.0,1.0,7.0,11.0,4.0,39.0,2.0,38.0,41.0,87.0,421.0,858.0,820.0,1473.0,2665.0,4997.0,18605.0,18106.0,1088.0,22397.0,67737.0,25972.0,50438.0,7488.0,29098.0,985193.0,409879.0,100311.0,12071.0,-,-,-,-,-,-,-,-,-,-,-,-,-,-,-,-,-,-,-,-,-,-,-,-,-,-,-,-,-,-,-,-,-,-,-,-,-,-,-,-,-,-,-,-,-,-,-,-,-,-,-,-,-,-,-,-,-,-,-,-,-,-,-,-,-,-,-,-,-,-,-,-,-,-,-,-,-,-,-,-,-,-,-,-
11/2/23,-,-,-,-,-,0.0,0.0,0.0,0.0,0.0,0.0,0.0,0.0,0.0,0.0,0.0,0.0,0.0,0.0,0.0,0.0,0.0,0.0,3.0,0.0,0.0,0.0,9.0,2.0,1.0,2.0,1.0,2.0,7.0,7.0,6.0,69.0,5.0,27.0,38.0,72.0,490.0,869.0,1021.0,1515.0,2769.0,5272.0,20058.0,18852.0,1504.0,23620.0,73284.0,27443.0,53873.0,7654.0,31197.0,1035030.0,436271.0,112506.0,13553.0,-,-,-,-,-,-,-,-,-,-,-,-,-,-,-,-,-,-,-,-,-,-,-,-,-,-,-,-,-,-,-,-,-,-,-,-,-,-,-,-,-,-,-,-,-,-,-,-,-,-,-,-,-,-,-,-,-,-,-,-,-,-,-,-,-,-,-,-,-,-,-,-,-,-,-,-,-,-,-,-,-,-,-,-
11/3/23,-,-,-,-,-,0.0,0.0,0.0,0.0,0.0,0.0,0.0,0.0,0.0,0.0,0.0,0.0,0.0,0.0,0.0,0.0,0.0,0.0,11.0,0.0,0.0,1.0,3.0,0.0,1.0,8.0,0.0,1.0,0.0,30.0,8.0,74.0,11.0,20.0,28.0,82.0,531.0,914.0,995.0,1556.0,2828.0,5516.0,20398.0,18053.0,2900.0,24996.0,75498.0,28362.0,56068.0,7745.0,32505.0,1082028.0,453923.0,125834.0,14919.0,-,-,-,-,-,-,-,-,-,-,-,-,-,-,-,-,-,-,-,-,-,-,-,-,-,-,-,-,-,-,-,-,-,-,-,-,-,-,-,-,-,-,-,-,-,-,-,-,-,-,-,-,-,-,-,-,-,-,-,-,-,-,-,-,-,-,-,-,-,-,-,-,-,-,-,-,-,-,-,-,-,-,-,-
11/4/23,-,-,-,-,-,0.0,0.0,0.0,0.0,0.0,0.0,0.0,0.0,0.0,0.0,0.0,0.0,0.0,0.0,1.0,0.0,2.0,1.0,7.0,0.0,1.0,0.0,1.0,1.0,1.0,0.0,2.0,6.0,1.0,10.0,12.0,27.0,4.0,26.0,31.0,99.0,501.0,957.0,1004.0,1504.0,2856.0,6022.0,20993.0,16591.0,4341.0,26802.0,78535.0,30506.0,58201.0,8258.0,33635.0,1127977.0,483110.0,140427.0,16213.0,-,-,-,-,-,-,-,-,-,-,-,-,-,-,-,-,-,-,-,-,-,-,-,-,-,-,-,-,-,-,-,-,-,-,-,-,-,-,-,-,-,-,-,-,-,-,-,-,-,-,-,-,-,-,-,-,-,-,-,-,-,-,-,-,-,-,-,-,-,-,-,-,-,-,-,-,-,-,-,-,-,-,-,-
11/5/23,-,-,-,-,-,0.0,0.0,0.0,3.0,0.0,0.0,0.0,0.0,0.0,0.0,0.0,0.0,0.0,0.0,0.0,0.0,1.0,3.0,17.0,0.0,0.0,0.0,2.0,1.0,0.0,1.0,1.0,0.0,2.0,19.0,0.0,35.0,20.0,38.0,71.0,87.0,439.0,858.0,979.0,1560.0,3018.0,5324.0,20920.0,14514.0,5345.0,27775.0,80032.0,30120.0,59319.0,8069.0,33146.0,1120141.0,490592.0,146629.0,16919.0,-,-,-,-,-,-,-,-,-,-,-,-,-,-,-,-,-,-,-,-,-,-,-,-,-,-,-,-,-,-,-,-,-,-,-,-,-,-,-,-,-,-,-,-,-,-,-,-,-,-,-,-,-,-,-,-,-,-,-,-,-,-,-,-,-,-,-,-,-,-,-,-,-,-,-,-,-,-,-,-,-,-,-,-
11/6/23,-,-,-,-,-,0.0,0.0,0.0,1.0,0.0,0.0,0.0,0.0,0.0,0.0,0.0,0.0,0.0,0.0,0.0,0.0,1.0,1.0,21.0,0.0,0.0,0.0,1.0,1.0,4.0,0.0,1.0,1.0,4.0,14.0,12.0,31.0,0.0,48.0,25.0,77.0,498.0,872.0,916.0,1594.0,2890.0,5451.0,20491.0,13877.0,6729.0,25858.0,76115.0,29783.0,57088.0,7981.0,32594.0,1074702.0,451682.0,145962.0,16342.0,-,-,-,-,-,-,-,-,-,-,-,-,-,-,-,-,-,-,-,-,-,-,-,-,-,-,-,-,-,-,-,-,-,-,-,-,-,-,-,-,-,-,-,-,-,-,-,-,-,-,-,-,-,-,-,-,-,-,-,-,-,-,-,-,-,-,-,-,-,-,-,-,-,-,-,-,-,-,-,-,-,-,-,-
11/7/23,-,-,-,-,-,0.0,0.0,0.0,0.0,0.0,0.0,0.0,1.0,0.0,0.0,1.0,0.0,0.0,0.0,1.0,0.0,0.0,0.0,13.0,0.0,3.0,1.0,2.0,0.0,6.0,5.0,1.0,2.0,0.0,14.0,5.0,40.0,3.0,29.0,30.0,57.0,458.0,926.0,957.0,1508.0,2795.0,5482.0,20569.0,12615.0,7777.0,24222.0,72637.0,28046.0,54969.0,7349.0,30824.0,1028555.0,425099.0,146608.0,15487.0,-,-,-,-,-,-,-,-,-,-,-,-,-,-,-,-,-,-,-,-,-,-,-,-,-,-,-,-,-,-,-,-,-,-,-,-,-,-,-,-,-,-,-,-,-,-,-,-,-,-,-,-,-,-,-,-,-,-,-,-,-,-,-,-,-,-,-,-,-,-,-,-,-,-,-,-,-,-,-,-,-,-,-,-
11/8/23,-,-,-,-,-,0.0,0.0,0.0,0.0,0.0,0.0,0.0,0.0,0.0,0.0,0.0,0.0,0.0,0.0,0.0,0.0,2.0,0.0,8.0,0.0,1.0,0.0,0.0,2.0,2.0,3.0,0.0,4.0,8.0,13.0,15.0,32.0,5.0,15.0,46.0,82.0,478.0,771.0,939.0,1479.0,2848.0,5239.0,19611.0,11142.0,8764.0,23693.0,72050.0,28025.0,53932.0,7573.0,30468.0,1014214.0,417514.0,152964.0,15864.0,-,-,-,-,-,-,-,-,-,-,-,-,-,-,-,-,-,-,-,-,-,-,-,-,-,-,-,-,-,-,-,-,-,-,-,-,-,-,-,-,-,-,-,-,-,-,-,-,-,-,-,-,-,-,-,-,-,-,-,-,-,-,-,-,-,-,-,-,-,-,-,-,-,-,-,-,-,-,-,-,-,-,-,-
11/9/23,-,-,-,-,-,0.0,0.0,0.0,1.0,0.0,0.0,0.0,0.0,0.0,0.0,0.0,0.0,0.0,0.0,0.0,0.0,1.0,2.0,5.0,0.0,1.0,0.0,2.0,0.0,0.0,0.0,5.0,2.0,2.0,6.0,9.0,43.0,2.0,28.0,72.0,55.0,415.0,717.0,862.0,1484.0,2812.0,5181.0,19307.0,10167.0,9625.0,22508.0,70502.0,26927.0,52681.0,7204.0,30009.0,1004417.0,404537.0,159001.0,16127.0,-,-,-,-,-,-,-,-,-,-,-,-,-,-,-,-,-,-,-,-,-,-,-,-,-,-,-,-,-,-,-,-,-,-,-,-,-,-,-,-,-,-,-,-,-,-,-,-,-,-,-,-,-,-,-,-,-,-,-,-,-,-,-,-,-,-,-,-,-,-,-,-,-,-,-,-,-,-,-,-,-,-,-,-
11/10/23,-,-,-,-,-,0.0,0.0,0.0,1.0,0.0,0.0,0.0,3.0,0.0,0.0,0.0,0.0,0.0,0.0,5.0,0.0,0.0,0.0,19.0,0.0,0.0,0.0,0.0,0.0,1.0,1.0,0.0,7.0,15.0,5.0,5.0,45.0,4.0,12.0,41.0,86.0,400.0,810.0,909.0,1577.0,2726.0,5294.0,19855.0,9842.0,11027.0,23965.0,73752.0,28453.0,55220.0,7455.0,31378.0,1062890.0,431525.0,176074.0,16910.0,-,-,-,-,-,-,-,-,-,-,-,-,-,-,-,-,-,-,-,-,-,-,-,-,-,-,-,-,-,-,-,-,-,-,-,-,-,-,-,-,-,-,-,-,-,-,-,-,-,-,-,-,-,-,-,-,-,-,-,-,-,-,-,-,-,-,-,-,-,-,-,-,-,-,-,-,-,-,-,-,-,-,-,-
11/11/23,-,-,-,-,-,0.0,0.0,0.0,1.0,0.0,0.0,0.0,0.0,0.0,0.0,0.0,0.0,0.0,0.0,0.0,0.0,2.0,1.0,6.0,0.0,0.0,0.0,0.0,2.0,0.0,0.0,1.0,2.0,7.0,8.0,8.0,42.0,7.0,51.0,27.0,68.0,446.0,830.0,1006.0,1673.0,3023.0,5134.0,20435.0,9375.0,11490.0,25395.0,76568.0,29535.0,57438.0,7727.0,31719.0,1091725.0,454823.0,191928.0,18342.0,-,-,-,-,-,-,-,-,-,-,-,-,-,-,-,-,-,-,-,-,-,-,-,-,-,-,-,-,-,-,-,-,-,-,-,-,-,-,-,-,-,-,-,-,-,-,-,-,-,-,-,-,-,-,-,-,-,-,-,-,-,-,-,-,-,-,-,-,-,-,-,-,-,-,-,-,-,-,-,-,-,-,-,-
11/12/23,-,-,-,-,-,0.0,0.0,0.0,1.0,0.0,0.0,0.0,0.0,0.0,0.0,0.0,0.0,0.0,0.0,0.0,0.0,0.0,0.0,14.0,0.0,1.0,0.0,1.0,0.0,2.0,0.0,0.0,6.0,13.0,7.0,6.0,25.0,12.0,21.0,30.0,98.0,437.0,826.0,892.0,1507.0,2777.0,4999.0,19643.0,8691.0,11345.0,26625.0,77009.0,29482.0,56878.0,7773.0,31912.0,1098968.0,456208.0,198501.0,18814.0,-,-,-,-,-,-,-,-,-,-,-,-,-,-,-,-,-,-,-,-,-,-,-,-,-,-,-,-,-,-,-,-,-,-,-,-,-,-,-,-,-,-,-,-,-,-,-,-,-,-,-,-,-,-,-,-,-,-,-,-,-,-,-,-,-,-,-,-,-,-,-,-,-,-,-,-,-,-,-,-,-,-,-,-
11/13/23,-,-,-,-,-,0.0,0.0,0.0,0.0,0.0,0.0,0.0,0.0,0.0,0.0,0.0,1.0,0.0,0.0,0.0,0.0,0.0,0.0,33.0,0.0,1.0,0.0,0.0,0.0,0.0,0.0,6.0,1.0,0.0,2.0,4.0,40.0,2.0,17.0,10.0,72.0,442.0,811.0,934.0,1591.0,2736.0,5205.0,19769.0,8244.0,11975.0,24500.0,73242.0,28646.0,55202.0,7535.0,31087.0,1049874.0,424115.0,194012.0,17367.0,-,-,-,-,-,-,-,-,-,-,-,-,-,-,-,-,-,-,-,-,-,-,-,-,-,-,-,-,-,-,-,-,-,-,-,-,-,-,-,-,-,-,-,-,-,-,-,-,-,-,-,-,-,-,-,-,-,-,-,-,-,-,-,-,-,-,-,-,-,-,-,-,-,-,-,-,-,-,-,-,-,-,-,-
11/14/23,-,-,-,-,-,0.0,0.0,0.0,0.0,0.0,0.0,0.0,0.0,0.0,0.0,0.0,0.0,0.0,0.0,0.0,0.0,2.0,2.0,6.0,0.0,0.0,0.0,1.0,0.0,0.0,0.0,2.0,15.0,3.0,6.0,6.0,35.0,0.0,10.0,29.0,77.0,398.0,822.0,985.0,1454.0,2680.0,5228.0,19586.0,7764.0,12406.0,23023.0,71131.0,27193.0,52938.0,7434.0,30119.0,1011611.0,401484.0,193903.0,16477.0,-,-,-,-,-,-,-,-,-,-,-,-,-,-,-,-,-,-,-,-,-,-,-,-,-,-,-,-,-,-,-,-,-,-,-,-,-,-,-,-,-,-,-,-,-,-,-,-,-,-,-,-,-,-,-,-,-,-,-,-,-,-,-,-,-,-,-,-,-,-,-,-,-,-,-,-,-,-,-,-,-,-,-,-
11/15/23,-,-,-,-,-,0.0,0.0,0.0,0.0,0.0,0.0,0.0,0.0,0.0,0.0,0.0,0.0,0.0,0.0,1.0,2.0,0.0,0.0,6.0,0.0,1.0,0.0,1.0,1.0,0.0,1.0,0.0,2.0,3.0,3.0,10.0,17.0,2.0,21.0,26.0,70.0,346.0,795.0,852.0,1490.0,2579.0,5057.0,19224.0,7504.0,12305.0,22291.0,69628.0,26372.0,51957.0,7214.0,29548.0,985942.0,391083.0,197692.0,16268.0,-,-,-,-,-,-,-,-,-,-,-,-,-,-,-,-,-,-,-,-,-,-,-,-,-,-,-,-,-,-,-,-,-,-,-,-,-,-,-,-,-,-,-,-,-,-,-,-,-,-,-,-,-,-,-,-,-,-,-,-,-,-,-,-,-,-,-,-,-,-,-,-,-,-,-,-,-,-,-,-,-,-,-,-
11/16/23,-,-,-,-,-,0.0,0.0,0.0,0.0,0.0,0.0,0.0,0.0,0.0,0.0,1.0,0.0,0.0,0.0,2.0,0.0,0.0,2.0,10.0,0.0,0.0,1.0,9.0,0.0,0.0,1.0,2.0,2.0,1.0,11.0,2.0,16.0,2.0,10.0,31.0,69.0,407.0,719.0,906.0,1446.0,2621.0,4857.0,18997.0,7244.0,12675.0,22517.0,70004.0,26441.0,50864.0,7174.0,29400.0,990046.0,386771.0,208648.0,16662.0,-,-,-,-,-,-,-,-,-,-,-,-,-,-,-,-,-,-,-,-,-,-,-,-,-,-,-,-,-,-,-,-,-,-,-,-,-,-,-,-,-,-,-,-,-,-,-,-,-,-,-,-,-,-,-,-,-,-,-,-,-,-,-,-,-,-,-,-,-,-,-,-,-,-,-,-,-,-,-,-,-,-,-,-
11/17/23,-,-,-,-,-,0.0,0.0,0.0,0.0,0.0,0.0,0.0,1.0,0.0,0.0,0.0,0.0,0.0,0.0,0.0,0.0,0.0,1.0,3.0,0.0,0.0,0.0,1.0,0.0,0.0,3.0,0.0,1.0,2.0,6.0,6.0,42.0,2.0,58.0,28.0,66.0,459.0,891.0,914.0,1493.0,2785.0,5315.0,20047.0,7071.0,13517.0,23512.0,74009.0,28517.0,54405.0,7437.0,31194.0,1022748.0,393012.0,264666.0,17990.0,-,-,-,-,-,-,-,-,-,-,-,-,-,-,-,-,-,-,-,-,-,-,-,-,-,-,-,-,-,-,-,-,-,-,-,-,-,-,-,-,-,-,-,-,-,-,-,-,-,-,-,-,-,-,-,-,-,-,-,-,-,-,-,-,-,-,-,-,-,-,-,-,-,-,-,-,-,-,-,-,-,-,-,-
11/18/23,-,-,-,-,-,0.0,0.0,0.0,0.0,0.0,0.0,0.0,0.0,0.0,0.0,0.0,0.0,0.0,0.0,0.0,0.0,0.0,2.0,21.0,0.0,0.0,0.0,0.0,1.0,2.0,3.0,2.0,4.0,3.0,6.0,2.0,29.0,2.0,11.0,35.0,74.0,415.0,791.0,892.0,1537.0,2904.0,5330.0,20599.0,7205.0,14442.0,26074.0,78907.0,30109.0,57907.0,7715.0,32198.0,997581.0,372268.0,458609.0,19433.0,-,-,-,-,-,-,-,-,-,-,-,-,-,-,-,-,-,-,-,-,-,-,-,-,-,-,-,-,-,-,-,-,-,-,-,-,-,-,-,-,-,-,-,-,-,-,-,-,-,-,-,-,-,-,-,-,-,-,-,-,-,-,-,-,-,-,-,-,-,-,-,-,-,-,-,-,-,-,-,-,-,-,-,-
11/19/23,-,-,-,-,-,0.0,0.0,0.0,0.0,0.0,0.0,0.0,0.0,0.0,0.0,0.0,0.0,0.0,0.0,0.0,0.0,0.0,0.0,9.0,0.0,2.0,0.0,1.0,0.0,0.0,1.0,0.0,6.0,1.0,8.0,7.0,36.0,2.0,26.0,26.0,71.0,420.0,770.0,901.0,1499.0,2777.0,5082.0,20275.0,6627.0,13992.0,25625.0,78228.0,30143.0,57359.0,7363.0,30863.0,844718.0,325332.0,645396.0,20126.0,-,-,-,-,-,-,-,-,-,-,-,-,-,-,-,-,-,-,-,-,-,-,-,-,-,-,-,-,-,-,-,-,-,-,-,-,-,-,-,-,-,-,-,-,-,-,-,-,-,-,-,-,-,-,-,-,-,-,-,-,-,-,-,-,-,-,-,-,-,-,-,-,-,-,-,-,-,-,-,-,-,-,-,-
11/20/23,-,-,-,-,-,0.0,0.0,0.0,0.0,0.0,0.0,0.0,0.0,0.0,0.0,0.0,0.0,0.0,0.0,1.0,0.0,0.0,0.0,6.0,0.0,0.0,0.0,1.0,6.0,0.0,1.0,0.0,2.0,3.0,7.0,20.0,16.0,0.0,39.0,26.0,39.0,402.0,895.0,886.0,1438.0,3012.0,5416.0,21036.0,6733.0,14787.0,25087.0,77103.0,30183.0,56725.0,7394.0,29307.0,754510.0,286607.0,738413.0,19036.0,-,-,-,-,-,-,-,-,-,-,-,-,-,-,-,-,-,-,-,-,-,-,-,-,-,-,-,-,-,-,-,-,-,-,-,-,-,-,-,-,-,-,-,-,-,-,-,-,-,-,-,-,-,-,-,-,-,-,-,-,-,-,-,-,-,-,-,-,-,-,-,-,-,-,-,-,-,-,-,-,-,-,-,-
11/21/23,-,-,-,-,-,0.0,0.0,0.0,0.0,0.0,0.0,0.0,2.0,0.0,0.0,0.0,0.0,1.0,0.0,3.0,0.0,2.0,1.0,13.0,0.0,0.0,0.0,2.0,0.0,0.0,1.0,1.0,0.0,0.0,6.0,10.0,33.0,0.0,34.0,37.0,93.0,391.0,856.0,981.0,1505.0,2848.0,5290.0,20401.0,6540.0,15076.0,24411.0,76408.0,28860.0,55776.0,7412.0,28893.0,710480.0,266392.0,786853.0,19223.0,-,-,-,-,-,-,-,-,-,-,-,-,-,-,-,-,-,-,-,-,-,-,-,-,-,-,-,-,-,-,-,-,-,-,-,-,-,-,-,-,-,-,-,-,-,-,-,-,-,-,-,-,-,-,-,-,-,-,-,-,-,-,-,-,-,-,-,-,-,-,-,-,-,-,-,-,-,-,-,-,-,-,-,-
11/22/23,-,-,-,-,-,0.0,0.0,0.0,0.0,0.0,0.0,0.0,0.0,0.0,0.0,0.0,0.0,0.0,0.0,4.0,0.0,0.0,1.0,20.0,0.0,0.0,0.0,2.0,4.0,0.0,2.0,1.0,2.0,0.0,15.0,5.0,22.0,5.0,26.0,17.0,66.0,458.0,797.0,1034.0,1623.0,3005.0,5611.0,21142.0,6373.0,15456.0,27115.0,82232.0,31200.0,59689.0,7603.0,30169.0,713754.0,273068.0,914782.0,20820.0,-,-,-,-,-,-,-,-,-,-,-,-,-,-,-,-,-,-,-,-,-,-,-,-,-,-,-,-,-,-,-,-,-,-,-,-,-,-,-,-,-,-,-,-,-,-,-,-,-,-,-,-,-,-,-,-,-,-,-,-,-,-,-,-,-,-,-,-,-,-,-,-,-,-,-,-,-,-,-,-,-,-,-,-
11/23/23,-,-,-,-,-,0.0,0.0,0.0,1.0,0.0,0.0,0.0,0.0,0.0,0.0,0.0,0.0,0.0,0.0,0.0,0.0,0.0,1.0,15.0,0.0,3.0,0.0,0.0,1.0,6.0,3.0,0.0,4.0,1.0,4.0,8.0,30.0,5.0,51.0,49.0,42.0,322.0,649.0,627.0,1121.0,2102.0,3911.0,14826.0,4457.0,10625.0,19090.0,55939.0,21410.0,42071.0,5735.0,20700.0,441469.0,155373.0,702310.0,15582.0,-,-,-,-,-,-,-,-,-,-,-,-,-,-,-,-,-,-,-,-,-,-,-,-,-,-,-,-,-,-,-,-,-,-,-,-,-,-,-,-,-,-,-,-,-,-,-,-,-,-,-,-,-,-,-,-,-,-,-,-,-,-,-,-,-,-,-,-,-,-,-,-,-,-,-,-,-,-,-,-,-,-,-,-
11/24/23,-,-,-,-,-,0.0,0.0,0.0,0.0,0.0,0.0,0.0,0.0,0.0,0.0,0.0,0.0,0.0,0.0,0.0,0.0,0.0,0.0,13.0,0.0,3.0,1.0,1.0,0.0,1.0,19.0,0.0,7.0,2.0,10.0,10.0,23.0,2.0,33.0,33.0,88.0,361.0,712.0,793.0,1294.0,2387.0,4291.0,17087.0,4978.0,13020.0,22781.0,64837.0,24706.0,47000.0,5950.0,23183.0,399774.0,116725.0,995458.0,17959.0,-,-,-,-,-,-,-,-,-,-,-,-,-,-,-,-,-,-,-,-,-,-,-,-,-,-,-,-,-,-,-,-,-,-,-,-,-,-,-,-,-,-,-,-,-,-,-,-,-,-,-,-,-,-,-,-,-,-,-,-,-,-,-,-,-,-,-,-,-,-,-,-,-,-,-,-,-,-,-,-,-,-,-,-
11/25/23,-,-,-,-,-,0.0,0.0,0.0,1.0,0.0,0.0,0.0,0.0,0.0,0.0,0.0,0.0,1.0,0.0,0.0,0.0,0.0,0.0,18.0,0.0,0.0,1.0,0.0,0.0,0.0,2.0,0.0,1.0,5.0,5.0,16.0,24.0,3.0,22.0,59.0,84.0,436.0,825.0,960.0,1459.0,2700.0,5348.0,19765.0,5762.0,14782.0,26382.0,75909.0,29552.0,56159.0,6759.0,26376.0,393345.0,110611.0,1283349.0,20609.0,-,-,-,-,-,-,-,-,-,-,-,-,-,-,-,-,-,-,-,-,-,-,-,-,-,-,-,-,-,-,-,-,-,-,-,-,-,-,-,-,-,-,-,-,-,-,-,-,-,-,-,-,-,-,-,-,-,-,-,-,-,-,-,-,-,-,-,-,-,-,-,-,-,-,-,-,-,-,-,-,-,-,-,-
11/26/23,-,-,-,-,-,0.0,0.0,0.0,0.0,0.0,0.0,0.0,0.0,0.0,0.0,0.0,0.0,0.0,0.0,0.0,0.0,1.0,0.0,9.0,0.0,1.0,0.0,0.0,1.0,0.0,0.0,1.0,1.0,2.0,4.0,9.0,49.0,2.0,40.0,46.0,54.0,383.0,773.0,895.0,1334.0,2829.0,4952.0,19237.0,5457.0,14040.0,25902.0,75923.0,28244.0,54956.0,6667.0,24515.0,341589.0,89477.0,1344904.0,20424.0,-,-,-,-,-,-,-,-,-,-,-,-,-,-,-,-,-,-,-,-,-,-,-,-,-,-,-,-,-,-,-,-,-,-,-,-,-,-,-,-,-,-,-,-,-,-,-,-,-,-,-,-,-,-,-,-,-,-,-,-,-,-,-,-,-,-,-,-,-,-,-,-,-,-,-,-,-,-,-,-,-,-,-,-
11/27/23,-,-,-,-,-,0.0,0.0,0.0,0.0,0.0,0.0,0.0,0.0,0.0,0.0,0.0,0.0,0.0,0.0,0.0,0.0,1.0,2.0,4.0,0.0,0.0,0.0,2.0,0.0,0.0,2.0,1.0,2.0,0.0,8.0,4.0,34.0,4.0,16.0,39.0,55.0,373.0,807.0,832.0,1456.0,2734.0,5036.0,19213.0,5128.0,15159.0,24059.0,71687.0,27146.0,52024.0,6065.0,23220.0,297279.0,71230.0,1317985.0,19315.0,-,-,-,-,-,-,-,-,-,-,-,-,-,-,-,-,-,-,-,-,-,-,-,-,-,-,-,-,-,-,-,-,-,-,-,-,-,-,-,-,-,-,-,-,-,-,-,-,-,-,-,-,-,-,-,-,-,-,-,-,-,-,-,-,-,-,-,-,-,-,-,-,-,-,-,-,-,-,-,-,-,-,-,-
11/28/23,-,-,-,-,-,0.0,0.0,0.0,0.0,0.0,0.0,0.0,0.0,0.0,0.0,0.0,0.0,0.0,0.0,0.0,0.0,4.0,1.0,6.0,0.0,17.0,0.0,0.0,0.0,0.0,2.0,4.0,0.0,1.0,8.0,2.0,17.0,3.0,43.0,28.0,55.0,375.0,679.0,944.0,1321.0,2423.0,4762.0,18152.0,5134.0,14996.0,21211.0,66522.0,25280.0,48024.0,5672.0,21235.0,249205.0,58919.0,1281031.0,18103.0,-,-,-,-,-,-,-,-,-,-,-,-,-,-,-,-,-,-,-,-,-,-,-,-,-,-,-,-,-,-,-,-,-,-,-,-,-,-,-,-,-,-,-,-,-,-,-,-,-,-,-,-,-,-,-,-,-,-,-,-,-,-,-,-,-,-,-,-,-,-,-,-,-,-,-,-,-,-,-,-,-,-,-,-
11/29/23,-,-,-,-,-,0.0,0.0,0.0,1.0,0.0,0.0,0.0,0.0,0.0,0.0,0.0,0.0,2.0,0.0,0.0,0.0,0.0,1.0,11.0,0.0,0.0,0.0,0.0,1.0,1.0,2.0,1.0,2.0,7.0,6.0,9.0,48.0,3.0,4.0,38.0,41.0,412.0,697.0,811.0,1388.0,2572.0,4673.0,17615.0,5218.0,14616.0,20205.0,64463.0,24374.0,46469.0,5567.0,20357.0,219714.0,51643.0,1287960.0,18430.0,-,-,-,-,-,-,-,-,-,-,-,-,-,-,-,-,-,-,-,-,-,-,-,-,-,-,-,-,-,-,-,-,-,-,-,-,-,-,-,-,-,-,-,-,-,-,-,-,-,-,-,-,-,-,-,-,-,-,-,-,-,-,-,-,-,-,-,-,-,-,-,-,-,-,-,-,-,-,-,-,-,-,-,-
11/30/23,-,-,-,-,-,0.0,0.0,0.0,0.0,0.0,0.0,0.0,0.0,0.0,0.0,0.0,0.0,1.0,0.0,0.0,0.0,0.0,1.0,8.0,0.0,0.0,1.0,0.0,0.0,0.0,0.0,0.0,2.0,1.0,13.0,12.0,24.0,0.0,12.0,33.0,44.0,329.0,723.0,921.0,1329.0,2490.0,4717.0,18210.0,4957.0,14672.0,20282.0,65156.0,24436.0,47433.0,5592.0,20563.0,209988.0,48253.0,1357012.0,18975.0,-,-,-,-,-,-,-,-,-,-,-,-,-,-,-,-,-,-,-,-,-,-,-,-,-,-,-,-,-,-,-,-,-,-,-,-,-,-,-,-,-,-,-,-,-,-,-,-,-,-,-,-,-,-,-,-,-,-,-,-,-,-,-,-,-,-,-,-,-,-,-,-,-,-,-,-,-,-,-,-,-,-,-,-
12/1/23,-,-,-,-,-,0.0,0.0,0.0,1.0,0.0,0.0,0.0,0.0,0.0,0.0,0.0,0.0,0.0,0.0,0.0,0.0,0.0,0.0,8.0,0.0,1.0,0.0,2.0,0.0,0.0,0.0,1.0,3.0,3.0,8.0,6.0,16.0,3.0,11.0,48.0,43.0,426.0,725.0,926.0,1458.0,2692.0,5002.0,18708.0,5332.0,15927.0,21782.0,69539.0,26001.0,49341.0,5904.0,21348.0,211568.0,49119.0,1462206.0,20677.0,-,-,-,-,-,-,-,-,-,-,-,-,-,-,-,-,-,-,-,-,-,-,-,-,-,-,-,-,-,-,-,-,-,-,-,-,-,-,-,-,-,-,-,-,-,-,-,-,-,-,-,-,-,-,-,-,-,-,-,-,-,-,-,-,-,-,-,-,-,-,-,-,-,-,-,-,-,-,-,-,-,-,-,-
12/2/23,-,-,-,-,-,0.0,0.0,0.0,1.0,0.0,0.0,0.0,1.0,0.0,0.0,0.0,0.0,0.0,0.0,1.0,0.0,1.0,0.0,10.0,0.0,0.0,0.0,1.0,0.0,1.0,0.0,2.0,5.0,1.0,7.0,6.0,25.0,2.0,18.0,32.0,50.0,362.0,837.0,997.0,1323.0,2621.0,4895.0,18243.0,4853.0,15384.0,22967.0,70477.0,26649.0,49698.0,6063.0,21922.0,214959.0,50877.0,1505094.0,21196.0,-,-,-,-,-,-,-,-,-,-,-,-,-,-,-,-,-,-,-,-,-,-,-,-,-,-,-,-,-,-,-,-,-,-,-,-,-,-,-,-,-,-,-,-,-,-,-,-,-,-,-,-,-,-,-,-,-,-,-,-,-,-,-,-,-,-,-,-,-,-,-,-,-,-,-,-,-,-,-,-,-,-,-,-
12/3/23,-,-,-,-,-,0.0,0.0,0.0,0.0,0.0,0.0,0.0,0.0,0.0,0.0,0.0,0.0,0.0,0.0,0.0,0.0,0.0,0.0,13.0,0.0,0.0,0.0,1.0,1.0,0.0,0.0,0.0,0.0,1.0,3.0,9.0,28.0,2.0,14.0,10.0,55.0,385.0,739.0,933.0,1382.0,2719.0,4891.0,18935.0,4890.0,15191.0,24064.0,72257.0,27336.0,51199.0,5852.0,21863.0,216590.0,52683.0,1531642.0,22351.0,-,-,-,-,-,-,-,-,-,-,-,-,-,-,-,-,-,-,-,-,-,-,-,-,-,-,-,-,-,-,-,-,-,-,-,-,-,-,-,-,-,-,-,-,-,-,-,-,-,-,-,-,-,-,-,-,-,-,-,-,-,-,-,-,-,-,-,-,-,-,-,-,-,-,-,-,-,-,-,-,-,-,-,-
12/4/23,-,-,-,-,-,0.0,0.0,0.0,0.0,0.0,0.0,0.0,1.0,0.0,0.0,1.0,0.0,0.0,0.0,2.0,0.0,0.0,0.0,8.0,0.0,0.0,0.0,0.0,0.0,1.0,2.0,0.0,1.0,1.0,2.0,8.0,17.0,3.0,36.0,45.0,59.0,404.0,792.0,824.0,1342.0,2526.0,5126.0,19257.0,4932.0,15458.0,22226.0,69858.0,26316.0,50001.0,6294.0,21501.0,209429.0,48788.0,1473904.0,20831.0,-,-,-,-,-,-,-,-,-,-,-,-,-,-,-,-,-,-,-,-,-,-,-,-,-,-,-,-,-,-,-,-,-,-,-,-,-,-,-,-,-,-,-,-,-,-,-,-,-,-,-,-,-,-,-,-,-,-,-,-,-,-,-,-,-,-,-,-,-,-,-,-,-,-,-,-,-,-,-,-,-,-,-,-
12/5/23,-,-,-,-,-,0.0,0.0,0.0,0.0,0.0,0.0,0.0,0.0,0.0,0.0,0.0,0.0,0.0,0.0,0.0,0.0,0.0,0.0,9.0,0.0,1.0,0.0,0.0,0.0,1.0,1.0,1.0,0.0,0.0,2.0,5.0,64.0,15.0,24.0,49.0,80.0,393.0,808.0,853.0,1286.0,2596.0,4800.0,17663.0,4531.0,14842.0,20409.0,64474.0,24946.0,46488.0,5402.0,20242.0,195411.0,43562.0,1375090.0,19234.0,-,-,-,-,-,-,-,-,-,-,-,-,-,-,-,-,-,-,-,-,-,-,-,-,-,-,-,-,-,-,-,-,-,-,-,-,-,-,-,-,-,-,-,-,-,-,-,-,-,-,-,-,-,-,-,-,-,-,-,-,-,-,-,-,-,-,-,-,-,-,-,-,-,-,-,-,-,-,-,-,-,-,-,-
12/6/23,-,-,-,-,-,0.0,0.0,0.0,0.0,0.0,0.0,0.0,0.0,0.0,0.0,0.0,0.0,0.0,0.0,0.0,0.0,0.0,0.0,7.0,0.0,0.0,0.0,2.0,0.0,0.0,1.0,10.0,3.0,3.0,6.0,9.0,38.0,3.0,20.0,41.0,48.0,382.0,750.0,867.0,1382.0,2413.0,4745.0,17708.0,4583.0,15545.0,20937.0,65216.0,24933.0,46265.0,5708.0,20042.0,199146.0,44712.0,1408097.0,19730.0,-,-,-,-,-,-,-,-,-,-,-,-,-,-,-,-,-,-,-,-,-,-,-,-,-,-,-,-,-,-,-,-,-,-,-,-,-,-,-,-,-,-,-,-,-,-,-,-,-,-,-,-,-,-,-,-,-,-,-,-,-,-,-,-,-,-,-,-,-,-,-,-,-,-,-,-,-,-,-,-,-,-,-,-
12/7/23,-,-,-,-,-,0.0,0.0,0.0,0.0,0.0,0.0,0.0,0.0,0.0,0.0,0.0,0.0,0.0,0.0,0.0,0.0,0.0,2.0,9.0,0.0,1.0,0.0,1.0,0.0,0.0,0.0,0.0,1.0,0.0,17.0,3.0,16.0,3.0,11.0,21.0,39.0,325.0,700.0,845.0,1307.0,2423.0,4362.0,17109.0,4143.0,14919.0,19657.0,63468.0,23749.0,44853.0,5254.0,19563.0,191652.0,42621.0,1352163.0,19106.0,-,-,-,-,-,-,-,-,-,-,-,-,-,-,-,-,-,-,-,-,-,-,-,-,-,-,-,-,-,-,-,-,-,-,-,-,-,-,-,-,-,-,-,-,-,-,-,-,-,-,-,-,-,-,-,-,-,-,-,-,-,-,-,-,-,-,-,-,-,-,-,-,-,-,-,-,-,-,-,-,-,-,-,-
12/8/23,-,-,-,-,-,0.0,0.0,0.0,0.0,0.0,0.0,0.0,0.0,0.0,0.0,0.0,0.0,0.0,0.0,0.0,0.0,0.0,1.0,12.0,0.0,1.0,0.0,1.0,0.0,2.0,5.0,12.0,3.0,2.0,10.0,3.0,28.0,3.0,14.0,44.0,21.0,359.0,753.0,801.0,1292.0,2586.0,4740.0,17633.0,4449.0,15540.0,20579.0,65234.0,24277.0,46100.0,5456.0,19728.0,198725.0,44288.0,1420666.0,20181.0,-,-,-,-,-,-,-,-,-,-,-,-,-,-,-,-,-,-,-,-,-,-,-,-,-,-,-,-,-,-,-,-,-,-,-,-,-,-,-,-,-,-,-,-,-,-,-,-,-,-,-,-,-,-,-,-,-,-,-,-,-,-,-,-,-,-,-,-,-,-,-,-,-,-,-,-,-,-,-,-,-,-,-,-
12/9/23,-,-,-,-,-,0.0,0.0,0.0,0.0,0.0,0.0,0.0,0.0,0.0,0.0,0.0,0.0,0.0,0.0,0.0,0.0,0.0,3.0,15.0,0.0,0.0,0.0,0.0,1.0,0.0,4.0,0.0,4.0,3.0,8.0,11.0,35.0,1.0,33.0,20.0,38.0,375.0,739.0,900.0,1408.0,2548.0,4768.0,17848.0,4471.0,15742.0,22153.0,69063.0,25643.0,48073.0,5991.0,21246.0,207405.0,49126.0,1494087.0,22110.0,-,-,-,-,-,-,-,-,-,-,-,-,-,-,-,-,-,-,-,-,-,-,-,-,-,-,-,-,-,-,-,-,-,-,-,-,-,-,-,-,-,-,-,-,-,-,-,-,-,-,-,-,-,-,-,-,-,-,-,-,-,-,-,-,-,-,-,-,-,-,-,-,-,-,-,-,-,-,-,-,-,-,-,-
12/10/23,-,-,-,-,-,0.0,0.0,0.0,0.0,0.0,0.0,0.0,0.0,0.0,0.0,0.0,0.0,0.0,1.0,0.0,0.0,0.0,2.0,22.0,0.0,0.0,0.0,0.0,0.0,0.0,0.0,3.0,4.0,2.0,4.0,7.0,17.0,1.0,24.0,25.0,62.0,320.0,727.0,861.0,1275.0,2458.0,4639.0,17529.0,4214.0,14794.0,21935.0,68211.0,25500.0,47640.0,5912.0,20848.0,205473.0,48631.0,1468175.0,22739.0,-,-,-,-,-,-,-,-,-,-,-,-,-,-,-,-,-,-,-,-,-,-,-,-,-,-,-,-,-,-,-,-,-,-,-,-,-,-,-,-,-,-,-,-,-,-,-,-,-,-,-,-,-,-,-,-,-,-,-,-,-,-,-,-,-,-,-,-,-,-,-,-,-,-,-,-,-,-,-,-,-,-,-,-
12/11/23,-,-,-,-,-,0.0,0.0,0.0,0.0,0.0,0.0,0.0,0.0,0.0,0.0,0.0,0.0,0.0,0.0,0.0,1.0,0.0,2.0,4.0,0.0,0.0,0.0,0.0,0.0,1.0,1.0,0.0,3.0,1.0,1.0,3.0,28.0,3.0,12.0,16.0,61.0,307.0,743.0,856.0,1390.0,2633.0,4756.0,17535.0,3960.0,14988.0,20066.0,67207.0,24627.0,46679.0,5907.0,20542.0,197003.0,45467.0,1395344.0,26798.0,-,-,-,-,-,-,-,-,-,-,-,-,-,-,-,-,-,-,-,-,-,-,-,-,-,-,-,-,-,-,-,-,-,-,-,-,-,-,-,-,-,-,-,-,-,-,-,-,-,-,-,-,-,-,-,-,-,-,-,-,-,-,-,-,-,-,-,-,-,-,-,-,-,-,-,-,-,-,-,-,-,-,-,-
12/12/23,-,-,-,-,-,0.0,0.0,0.0,0.0,0.0,0.0,0.0,0.0,0.0,0.0,0.0,0.0,0.0,0.0,0.0,0.0,0.0,11.0,11.0,0.0,0.0,1.0,0.0,1.0,0.0,0.0,1.0,2.0,1.0,23.0,6.0,31.0,5.0,9.0,30.0,37.0,406.0,682.0,764.0,1296.0,2326.0,4471.0,16858.0,3943.0,14463.0,19596.0,62377.0,23310.0,44246.0,5245.0,19223.0,186956.0,41801.0,1298959.0,48935.0,-,-,-,-,-,-,-,-,-,-,-,-,-,-,-,-,-,-,-,-,-,-,-,-,-,-,-,-,-,-,-,-,-,-,-,-,-,-,-,-,-,-,-,-,-,-,-,-,-,-,-,-,-,-,-,-,-,-,-,-,-,-,-,-,-,-,-,-,-,-,-,-,-,-,-,-,-,-,-,-,-,-,-,-
12/13/23,-,-,-,-,-,0.0,0.0,0.0,0.0,0.0,0.0,0.0,2.0,0.0,0.0,0.0,0.0,0.0,0.0,1.0,0.0,1.0,0.0,3.0,0.0,0.0,0.0,1.0,0.0,2.0,0.0,6.0,1.0,0.0,7.0,3.0,30.0,5.0,31.0,16.0,23.0,405.0,682.0,804.0,1237.0,2376.0,4522.0,16880.0,3733.0,14956.0,19233.0,62827.0,23209.0,44318.0,5193.0,18951.0,188511.0,41758.0,1302554.0,72242.0,-,-,-,-,-,-,-,-,-,-,-,-,-,-,-,-,-,-,-,-,-,-,-,-,-,-,-,-,-,-,-,-,-,-,-,-,-,-,-,-,-,-,-,-,-,-,-,-,-,-,-,-,-,-,-,-,-,-,-,-,-,-,-,-,-,-,-,-,-,-,-,-,-,-,-,-,-,-,-,-,-,-,-,-
12/14/23,-,-,-,-,-,0.0,0.0,0.0,0.0,0.0,0.0,0.0,0.0,0.0,0.0,0.0,0.0,0.0,0.0,0.0,0.0,1.0,0.0,7.0,0.0,1.0,0.0,0.0,0.0,0.0,0.0,0.0,0.0,1.0,4.0,4.0,21.0,4.0,21.0,19.0,31.0,331.0,716.0,845.0,1278.0,2413.0,4672.0,17367.0,3983.0,15036.0,19648.0,64385.0,23684.0,45683.0,5524.0,19590.0,192724.0,43320.0,1321471.0,91576.0,-,-,-,-,-,-,-,-,-,-,-,-,-,-,-,-,-,-,-,-,-,-,-,-,-,-,-,-,-,-,-,-,-,-,-,-,-,-,-,-,-,-,-,-,-,-,-,-,-,-,-,-,-,-,-,-,-,-,-,-,-,-,-,-,-,-,-,-,-,-,-,-,-,-,-,-,-,-,-,-,-,-,-,-
12/15/23,-,-,-,-,-,0.0,0.0,0.0,1.0,0.0,0.0,0.0,1.0,0.0,0.0,0.0,0.0,0.0,0.0,0.0,0.0,1.0,0.0,7.0,0.0,0.0,0.0,12.0,4.0,0.0,0.0,1.0,1.0,2.0,13.0,25.0,7.0,7.0,17.0,22.0,52.0,390.0,734.0,873.0,1299.0,2493.0,4718.0,18389.0,3976.0,15492.0,20436.0,67487.0,25042.0,46972.0,5675.0,20298.0,199588.0,44920.0,1381981.0,108184.0,-,-,-,-,-,-,-,-,-,-,-,-,-,-,-,-,-,-,-,-,-,-,-,-,-,-,-,-,-,-,-,-,-,-,-,-,-,-,-,-,-,-,-,-,-,-,-,-,-,-,-,-,-,-,-,-,-,-,-,-,-,-,-,-,-,-,-,-,-,-,-,-,-,-,-,-,-,-,-,-,-,-,-,-
12/16/23,-,-,-,-,-,0.0,0.0,0.0,1.0,0.0,0.0,0.0,1.0,0.0,0.0,0.0,0.0,0.0,0.0,1.0,0.0,0.0,0.0,18.0,0.0,0.0,0.0,1.0,1.0,0.0,1.0,0.0,0.0,1.0,2.0,2.0,31.0,0.0,23.0,44.0,54.0,411.0,686.0,862.0,1364.0,2620.0,4620.0,18222.0,4166.0,16082.0,22443.0,70174.0,26324.0,49221.0,5972.0,21113.0,210884.0,50083.0,1456455.0,124533.0,-,-,-,-,-,-,-,-,-,-,-,-,-,-,-,-,-,-,-,-,-,-,-,-,-,-,-,-,-,-,-,-,-,-,-,-,-,-,-,-,-,-,-,-,-,-,-,-,-,-,-,-,-,-,-,-,-,-,-,-,-,-,-,-,-,-,-,-,-,-,-,-,-,-,-,-,-,-,-,-,-,-,-,-
12/17/23,-,-,-,-,-,0.0,0.0,0.0,0.0,0.0,0.0,0.0,4.0,0.0,0.0,0.0,0.0,0.0,0.0,0.0,0.0,0.0,2.0,7.0,0.0,0.0,0.0,0.0,0.0,1.0,1.0,9.0,0.0,1.0,11.0,2.0,13.0,0.0,29.0,28.0,46.0,395.0,725.0,831.0,1306.0,2613.0,4376.0,17421.0,3841.0,14416.0,22018.0,68702.0,25133.0,46834.0,5775.0,20542.0,202822.0,48956.0,1392190.0,127386.0,-,-,-,-,-,-,-,-,-,-,-,-,-,-,-,-,-,-,-,-,-,-,-,-,-,-,-,-,-,-,-,-,-,-,-,-,-,-,-,-,-,-,-,-,-,-,-,-,-,-,-,-,-,-,-,-,-,-,-,-,-,-,-,-,-,-,-,-,-,-,-,-,-,-,-,-,-,-,-,-,-,-,-,-
12/18/23,-,-,-,-,-,0.0,0.0,0.0,0.0,0.0,0.0,0.0,1.0,0.0,0.0,0.0,0.0,0.0,1.0,0.0,0.0,0.0,1.0,12.0,0.0,1.0,0.0,4.0,1.0,1.0,0.0,0.0,2.0,0.0,8.0,6.0,17.0,1.0,7.0,19.0,53.0,397.0,666.0,838.0,1345.0,2618.0,4732.0,18404.0,3756.0,15400.0,22108.0,69326.0,25935.0,48626.0,5991.0,21235.0,205603.0,47588.0,1381958.0,135376.0,-,-,-,-,-,-,-,-,-,-,-,-,-,-,-,-,-,-,-,-,-,-,-,-,-,-,-,-,-,-,-,-,-,-,-,-,-,-,-,-,-,-,-,-,-,-,-,-,-,-,-,-,-,-,-,-,-,-,-,-,-,-,-,-,-,-,-,-,-,-,-,-,-,-,-,-,-,-,-,-,-,-,-,-
12/19/23,-,-,-,-,-,0.0,0.0,0.0,0.0,0.0,0.0,0.0,0.0,0.0,0.0,1.0,0.0,0.0,0.0,0.0,0.0,0.0,1.0,6.0,0.0,0.0,0.0,0.0,1.0,0.0,0.0,1.0,0.0,0.0,6.0,21.0,14.0,1.0,10.0,19.0,36.0,366.0,713.0,819.0,1469.0,2683.0,4683.0,18312.0,3920.0,15790.0,21308.0,68014.0,25752.0,47798.0,5718.0,20373.0,203498.0,46789.0,1380142.0,142228.0,-,-,-,-,-,-,-,-,-,-,-,-,-,-,-,-,-,-,-,-,-,-,-,-,-,-,-,-,-,-,-,-,-,-,-,-,-,-,-,-,-,-,-,-,-,-,-,-,-,-,-,-,-,-,-,-,-,-,-,-,-,-,-,-,-,-,-,-,-,-,-,-,-,-,-,-,-,-,-,-,-,-,-,-
12/20/23,-,-,-,-,-,0.0,0.0,0.0,1.0,0.0,0.0,0.0,2.0,0.0,0.0,0.0,0.0,0.0,0.0,0.0,0.0,1.0,1.0,12.0,0.0,1.0,0.0,0.0,0.0,0.0,0.0,2.0,0.0,2.0,4.0,5.0,21.0,0.0,42.0,17.0,31.0,357.0,670.0,843.0,1265.0,2421.0,4630.0,17674.0,3634.0,15027.0,20145.0,65728.0,24317.0,46297.0,5585.0,20040.0,195407.0,44622.0,1309186.0,145387.0,-,-,-,-,-,-,-,-,-,-,-,-,-,-,-,-,-,-,-,-,-,-,-,-,-,-,-,-,-,-,-,-,-,-,-,-,-,-,-,-,-,-,-,-,-,-,-,-,-,-,-,-,-,-,-,-,-,-,-,-,-,-,-,-,-,-,-,-,-,-,-,-,-,-,-,-,-,-,-,-,-,-,-,-
12/21/23,-,-,-,-,-,0.0,0.0,0.0,0.0,0.0,0.0,1.0,0.0,0.0,0.0,0.0,0.0,0.0,0.0,0.0,0.0,1.0,2.0,4.0,0.0,0.0,0.0,6.0,2.0,0.0,0.0,1.0,0.0,0.0,3.0,3.0,16.0,0.0,17.0,23.0,32.0,368.0,734.0,898.0,1378.0,2481.0,4686.0,18183.0,3731.0,15895.0,21587.0,69420.0,25625.0,48383.0,5684.0,20569.0,206072.0,47507.0,1395969.0,169457.0,-,-,-,-,-,-,-,-,-,-,-,-,-,-,-,-,-,-,-,-,-,-,-,-,-,-,-,-,-,-,-,-,-,-,-,-,-,-,-,-,-,-,-,-,-,-,-,-,-,-,-,-,-,-,-,-,-,-,-,-,-,-,-,-,-,-,-,-,-,-,-,-,-,-,-,-,-,-,-,-,-,-,-,-
12/22/23,-,-,-,-,-,0.0,0.0,0.0,0.0,0.0,0.0,0.0,1.0,0.0,0.0,0.0,0.0,0.0,0.0,0.0,0.0,0.0,0.0,8.0,0.0,1.0,0.0,0.0,3.0,1.0,0.0,0.0,5.0,24.0,9.0,4.0,12.0,0.0,29.0,22.0,36.0,394.0,769.0,795.0,1403.0,2721.0,5180.0,19420.0,3766.0,16574.0,23107.0,74086.0,27509.0,50800.0,6122.0,22183.0,220484.0,51968.0,1495198.0,191434.0,-,-,-,-,-,-,-,-,-,-,-,-,-,-,-,-,-,-,-,-,-,-,-,-,-,-,-,-,-,-,-,-,-,-,-,-,-,-,-,-,-,-,-,-,-,-,-,-,-,-,-,-,-,-,-,-,-,-,-,-,-,-,-,-,-,-,-,-,-,-,-,-,-,-,-,-,-,-,-,-,-,-,-,-
12/23/23,-,-,-,-,-,0.0,0.0,0.0,0.0,0.0,0.0,0.0,0.0,0.0,0.0,0.0,0.0,0.0,0.0,0.0,0.0,0.0,0.0,6.0,0.0,0.0,0.0,2.0,0.0,0.0,1.0,2.0,0.0,0.0,4.0,3.0,24.0,1.0,20.0,33.0,99.0,367.0,767.0,875.0,1442.0,2715.0,5035.0,19397.0,3995.0,17152.0,24206.0,76417.0,28582.0,53399.0,6476.0,23080.0,227461.0,54416.0,1559929.0,210383.0,-,-,-,-,-,-,-,-,-,-,-,-,-,-,-,-,-,-,-,-,-,-,-,-,-,-,-,-,-,-,-,-,-,-,-,-,-,-,-,-,-,-,-,-,-,-,-,-,-,-,-,-,-,-,-,-,-,-,-,-,-,-,-,-,-,-,-,-,-,-,-,-,-,-,-,-,-,-,-,-,-,-,-,-
12/24/23,-,-,-,-,-,0.0,0.0,0.0,0.0,0.0,0.0,0.0,0.0,0.0,0.0,0.0,0.0,0.0,0.0,0.0,0.0,3.0,0.0,12.0,0.0,0.0,0.0,7.0,0.0,1.0,6.0,0.0,1.0,0.0,4.0,6.0,22.0,1.0,25.0,26.0,32.0,329.0,623.0,768.0,1217.0,2196.0,4309.0,16425.0,3281.0,13559.0,21241.0,64048.0,24564.0,44967.0,5612.0,19959.0,192079.0,47246.0,1305903.0,186820.0,-,-,-,-,-,-,-,-,-,-,-,-,-,-,-,-,-,-,-,-,-,-,-,-,-,-,-,-,-,-,-,-,-,-,-,-,-,-,-,-,-,-,-,-,-,-,-,-,-,-,-,-,-,-,-,-,-,-,-,-,-,-,-,-,-,-,-,-,-,-,-,-,-,-,-,-,-,-,-,-,-,-,-,-
12/25/23,-,-,-,-,-,0.0,0.0,0.0,0.0,0.0,0.0,0.0,0.0,0.0,0.0,0.0,0.0,0.0,0.0,0.0,0.0,0.0,0.0,7.0,0.0,0.0,0.0,0.0,1.0,0.0,3.0,0.0,1.0,0.0,4.0,2.0,13.0,0.0,6.0,13.0,36.0,172.0,309.0,374.0,677.0,1226.0,2281.0,8135.0,1879.0,8032.0,10233.0,30930.0,12005.0,21967.0,3011.0,10279.0,94979.0,23804.0,631833.0,101639.0,-,-,-,-,-,-,-,-,-,-,-,-,-,-,-,-,-,-,-,-,-,-,-,-,-,-,-,-,-,-,-,-,-,-,-,-,-,-,-,-,-,-,-,-,-,-,-,-,-,-,-,-,-,-,-,-,-,-,-,-,-,-,-,-,-,-,-,-,-,-,-,-,-,-,-,-,-,-,-,-,-,-,-,-
12/26/23,-,-,-,-,-,0.0,0.0,0.0,0.0,0.0,0.0,0.0,0.0,0.0,0.0,0.0,0.0,0.0,0.0,1.0,0.0,0.0,0.0,1.0,0.0,2.0,0.0,0.0,0.0,0.0,0.0,0.0,0.0,0.0,1.0,1.0,15.0,1.0,19.0,30.0,25.0,277.0,533.0,682.0,988.0,2018.0,3745.0,13979.0,2856.0,12328.0,17077.0,53173.0,19466.0,36045.0,4480.0,16527.0,158168.0,38768.0,1071217.0,174190.0,-,-,-,-,-,-,-,-,-,-,-,-,-,-,-,-,-,-,-,-,-,-,-,-,-,-,-,-,-,-,-,-,-,-,-,-,-,-,-,-,-,-,-,-,-,-,-,-,-,-,-,-,-,-,-,-,-,-,-,-,-,-,-,-,-,-,-,-,-,-,-,-,-,-,-,-,-,-,-,-,-,-,-,-
12/27/23,-,-,-,-,-,0.0,0.0,0.0,0.0,0.0,0.0,0.0,2.0,0.0,0.0,0.0,0.0,0.0,0.0,1.0,0.0,1.0,0.0,11.0,0.0,0.0,0.0,0.0,1.0,0.0,6.0,1.0,3.0,1.0,5.0,6.0,48.0,1.0,3.0,21.0,39.0,354.0,670.0,815.0,1312.0,2275.0,4249.0,17079.0,3346.0,14436.0,20806.0,64551.0,23881.0,44877.0,5463.0,20141.0,192055.0,46819.0,1295977.0,219186.0,-,-,-,-,-,-,-,-,-,-,-,-,-,-,-,-,-,-,-,-,-,-,-,-,-,-,-,-,-,-,-,-,-,-,-,-,-,-,-,-,-,-,-,-,-,-,-,-,-,-,-,-,-,-,-,-,-,-,-,-,-,-,-,-,-,-,-,-,-,-,-,-,-,-,-,-,-,-,-,-,-,-,-,-
12/28/23,-,-,-,-,-,0.0,0.0,0.0,0.0,0.0,0.0,0.0,0.0,0.0,0.0,0.0,0.0,0.0,0.0,0.0,0.0,1.0,0.0,10.0,0.0,0.0,0.0,0.0,1.0,0.0,0.0,2.0,0.0,11.0,3.0,3.0,26.0,7.0,17.0,21.0,47.0,315.0,618.0,786.0,1420.0,2429.0,4491.0,17482.0,3320.0,15206.0,21166.0,65179.0,24813.0,46504.0,5678.0,20057.0,197144.0,48102.0,1340034.0,234867.0,-,-,-,-,-,-,-,-,-,-,-,-,-,-,-,-,-,-,-,-,-,-,-,-,-,-,-,-,-,-,-,-,-,-,-,-,-,-,-,-,-,-,-,-,-,-,-,-,-,-,-,-,-,-,-,-,-,-,-,-,-,-,-,-,-,-,-,-,-,-,-,-,-,-,-,-,-,-,-,-,-,-,-,-
12/29/23,-,-,-,-,-,0.0,0.0,1.0,0.0,0.0,0.0,0.0,0.0,0.0,0.0,0.0,0.0,0.0,0.0,0.0,0.0,0.0,1.0,9.0,0.0,0.0,1.0,0.0,0.0,0.0,0.0,0.0,0.0,0.0,19.0,6.0,29.0,2.0,12.0,43.0,69.0,375.0,713.0,996.0,1309.0,2603.0,4753.0,17775.0,3660.0,15969.0,21572.0,67575.0,25028.0,46838.0,5818.0,20558.0,200225.0,48867.0,1381549.0,251696.0,-,-,-,-,-,-,-,-,-,-,-,-,-,-,-,-,-,-,-,-,-,-,-,-,-,-,-,-,-,-,-,-,-,-,-,-,-,-,-,-,-,-,-,-,-,-,-,-,-,-,-,-,-,-,-,-,-,-,-,-,-,-,-,-,-,-,-,-,-,-,-,-,-,-,-,-,-,-,-,-,-,-,-,-
12/30/23,-,-,-,-,-,0.0,0.0,0.0,0.0,0.0,0.0,0.0,1.0,0.0,0.0,0.0,0.0,0.0,0.0,0.0,0.0,3.0,2.0,7.0,0.0,0.0,0.0,2.0,1.0,1.0,0.0,2.0,3.0,0.0,7.0,5.0,19.0,0.0,18.0,9.0,40.0,329.0,706.0,879.0,1323.0,2506.0,4571.0,17428.0,3374.0,15003.0,21555.0,66202.0,24924.0,45838.0,5765.0,19726.0,196780.0,49289.0,1348618.0,256332.0,-,-,-,-,-,-,-,-,-,-,-,-,-,-,-,-,-,-,-,-,-,-,-,-,-,-,-,-,-,-,-,-,-,-,-,-,-,-,-,-,-,-,-,-,-,-,-,-,-,-,-,-,-,-,-,-,-,-,-,-,-,-,-,-,-,-,-,-,-,-,-,-,-,-,-,-,-,-,-,-,-,-,-,-
12/31/23,-,-,-,-,-,0.0,0.0,0.0,0.0,0.0,0.0,0.0,0.0,0.0,0.0,0.0,0.0,0.0,0.0,0.0,0.0,2.0,1.0,10.0,0.0,0.0,0.0,1.0,0.0,2.0,0.0,0.0,14.0,1.0,4.0,14.0,17.0,2.0,21.0,29.0,46.0,310.0,634.0,782.0,1246.0,2289.0,4468.0,16992.0,3225.0,14359.0,20811.0,66109.0,25161.0,45953.0,5653.0,20271.0,193971.0,48488.0,1340355.0,261421.0,-,-,-,-,-,-,-,-,-,-,-,-,-,-,-,-,-,-,-,-,-,-,-,-,-,-,-,-,-,-,-,-,-,-,-,-,-,-,-,-,-,-,-,-,-,-,-,-,-,-,-,-,-,-,-,-,-,-,-,-,-,-,-,-,-,-,-,-,-,-,-,-,-,-,-,-,-,-,-,-,-,-,-,-
1/1/24,-,-,-,-,-,0.0,0.0,0.0,0.0,0.0,0.0,0.0,0.0,0.0,0.0,0.0,0.0,0.0,0.0,2.0,0.0,2.0,1.0,6.0,0.0,0.0,1.0,0.0,6.0,0.0,1.0,1.0,2.0,0.0,21.0,4.0,20.0,1.0,49.0,22.0,27.0,314.0,470.0,627.0,956.0,1794.0,3171.0,12314.0,2504.0,11233.0,15137.0,48169.0,17847.0,33748.0,4351.0,15083.0,143700.0,35016.0,976000.0,199003.0,-,-,-,-,-,-,-,-,-,-,-,-,-,-,-,-,-,-,-,-,-,-,-,-,-,-,-,-,-,-,-,-,-,-,-,-,-,-,-,-,-,-,-,-,-,-,-,-,-,-,-,-,-,-,-,-,-,-,-,-,-,-,-,-,-,-,-,-,-,-,-,-,-,-,-,-,-,-,-,-,-,-,-,-
1/2/24,-,-,-,-,-,0.0,0.0,0.0,0.0,0.0,0.0,0.0,3.0,0.0,0.0,0.0,0.0,0.0,0.0,0.0,0.0,0.0,0.0,7.0,0.0,0.0,0.0,0.0,0.0,0.0,0.0,0.0,0.0,0.0,9.0,2.0,53.0,0.0,14.0,36.0,64.0,320.0,648.0,798.0,1193.0,2148.0,4204.0,16035.0,3098.0,14092.0,19677.0,60135.0,22522.0,42274.0,5454.0,18624.0,179047.0,44763.0,1212047.0,251688.0,-,-,-,-,-,-,-,-,-,-,-,-,-,-,-,-,-,-,-,-,-,-,-,-,-,-,-,-,-,-,-,-,-,-,-,-,-,-,-,-,-,-,-,-,-,-,-,-,-,-,-,-,-,-,-,-,-,-,-,-,-,-,-,-,-,-,-,-,-,-,-,-,-,-,-,-,-,-,-,-,-,-,-,-
1/3/24,-,-,-,-,-,0.0,0.0,0.0,0.0,0.0,0.0,0.0,1.0,0.0,0.0,0.0,0.0,0.0,0.0,0.0,0.0,0.0,0.0,19.0,0.0,0.0,0.0,0.0,0.0,0.0,0.0,3.0,1.0,2.0,12.0,2.0,18.0,2.0,19.0,48.0,41.0,304.0,588.0,812.0,1145.0,2229.0,4280.0,16405.0,3136.0,14393.0,19961.0,60718.0,22393.0,42846.0,5526.0,18915.0,181088.0,41548.0,1226771.0,264470.0,-,-,-,-,-,-,-,-,-,-,-,-,-,-,-,-,-,-,-,-,-,-,-,-,-,-,-,-,-,-,-,-,-,-,-,-,-,-,-,-,-,-,-,-,-,-,-,-,-,-,-,-,-,-,-,-,-,-,-,-,-,-,-,-,-,-,-,-,-,-,-,-,-,-,-,-,-,-,-,-,-,-,-,-
1/4/24,-,-,-,-,-,0.0,0.0,0.0,0.0,0.0,0.0,0.0,0.0,0.0,0.0,0.0,0.0,0.0,0.0,1.0,0.0,1.0,0.0,10.0,0.0,0.0,0.0,3.0,1.0,3.0,0.0,0.0,3.0,0.0,5.0,2.0,23.0,2.0,52.0,52.0,43.0,304.0,578.0,775.0,1193.0,2315.0,4271.0,16296.0,3095.0,14517.0,18838.0,59363.0,22213.0,42615.0,5749.0,18469.0,177369.0,43381.0,1186974.0,264160.0,-,-,-,-,-,-,-,-,-,-,-,-,-,-,-,-,-,-,-,-,-,-,-,-,-,-,-,-,-,-,-,-,-,-,-,-,-,-,-,-,-,-,-,-,-,-,-,-,-,-,-,-,-,-,-,-,-,-,-,-,-,-,-,-,-,-,-,-,-,-,-,-,-,-,-,-,-,-,-,-,-,-,-,-
1/5/24,-,-,-,-,-,0.0,0.0,0.0,0.0,0.0,0.0,0.0,0.0,0.0,0.0,0.0,0.0,0.0,0.0,0.0,0.0,0.0,1.0,8.0,0.0,0.0,0.0,0.0,0.0,0.0,0.0,1.0,0.0,1.0,7.0,2.0,12.0,3.0,25.0,41.0,44.0,310.0,575.0,776.0,1098.0,2293.0,4161.0,15660.0,3007.0,14151.0,18576.0,57499.0,22068.0,40754.0,5145.0,17920.0,174577.0,42836.0,1159867.0,263132.0,-,-,-,-,-,-,-,-,-,-,-,-,-,-,-,-,-,-,-,-,-,-,-,-,-,-,-,-,-,-,-,-,-,-,-,-,-,-,-,-,-,-,-,-,-,-,-,-,-,-,-,-,-,-,-,-,-,-,-,-,-,-,-,-,-,-,-,-,-,-,-,-,-,-,-,-,-,-,-,-,-,-,-,-
1/6/24,-,-,-,-,-,0.0,0.0,0.0,0.0,0.0,0.0,0.0,0.0,0.0,0.0,0.0,0.0,0.0,0.0,0.0,0.0,0.0,0.0,16.0,0.0,0.0,0.0,3.0,0.0,3.0,1.0,0.0,0.0,1.0,5.0,2.0,13.0,2.0,26.0,35.0,33.0,276.0,508.0,795.0,1098.0,2168.0,3970.0,15369.0,3030.0,13636.0,18989.0,60112.0,22607.0,41935.0,5116.0,18519.0,177367.0,43517.0,1191528.0,276376.0,-,-,-,-,-,-,-,-,-,-,-,-,-,-,-,-,-,-,-,-,-,-,-,-,-,-,-,-,-,-,-,-,-,-,-,-,-,-,-,-,-,-,-,-,-,-,-,-,-,-,-,-,-,-,-,-,-,-,-,-,-,-,-,-,-,-,-,-,-,-,-,-,-,-,-,-,-,-,-,-,-,-,-,-
1/7/24,-,-,-,-,-,0.0,0.0,0.0,0.0,0.0,0.0,0.0,0.0,1.0,0.0,0.0,0.0,0.0,0.0,1.0,0.0,0.0,0.0,14.0,0.0,0.0,0.0,6.0,0.0,1.0,2.0,1.0,3.0,4.0,3.0,3.0,27.0,1.0,17.0,20.0,49.0,330.0,520.0,762.0,1114.0,2030.0,3909.0,14991.0,2803.0,12528.0,18904.0,57762.0,21900.0,39973.0,5088.0,17608.0,170116.0,42952.0,1146981.0,271484.0,-,-,-,-,-,-,-,-,-,-,-,-,-,-,-,-,-,-,-,-,-,-,-,-,-,-,-,-,-,-,-,-,-,-,-,-,-,-,-,-,-,-,-,-,-,-,-,-,-,-,-,-,-,-,-,-,-,-,-,-,-,-,-,-,-,-,-,-,-,-,-,-,-,-,-,-,-,-,-,-,-,-,-,-
1/8/24,-,-,-,-,-,0.0,0.0,0.0,1.0,0.0,0.0,0.0,0.0,0.0,0.0,0.0,0.0,0.0,0.0,0.0,0.0,0.0,2.0,2.0,0.0,0.0,0.0,0.0,0.0,1.0,0.0,0.0,3.0,0.0,0.0,3.0,49.0,1.0,28.0,34.0,99.0,317.0,520.0,814.0,1090.0,2039.0,3955.0,14969.0,2662.0,12942.0,17754.0,55130.0,21205.0,38972.0,5206.0,16829.0,165531.0,40476.0,1086200.0,266713.0,-,-,-,-,-,-,-,-,-,-,-,-,-,-,-,-,-,-,-,-,-,-,-,-,-,-,-,-,-,-,-,-,-,-,-,-,-,-,-,-,-,-,-,-,-,-,-,-,-,-,-,-,-,-,-,-,-,-,-,-,-,-,-,-,-,-,-,-,-,-,-,-,-,-,-,-,-,-,-,-,-,-,-,-
1/9/24,-,-,-,-,-,0.0,0.0,0.0,0.0,0.0,0.0,0.0,0.0,0.0,0.0,0.0,0.0,0.0,0.0,0.0,0.0,0.0,1.0,5.0,0.0,0.0,0.0,1.0,0.0,0.0,0.0,0.0,7.0,0.0,11.0,5.0,16.0,1.0,21.0,14.0,22.0,271.0,509.0,680.0,1146.0,2025.0,3472.0,14278.0,2756.0,12359.0,16190.0,51811.0,19314.0,36226.0,4510.0,15628.0,152469.0,36998.0,1035239.0,258878.0,-,-,-,-,-,-,-,-,-,-,-,-,-,-,-,-,-,-,-,-,-,-,-,-,-,-,-,-,-,-,-,-,-,-,-,-,-,-,-,-,-,-,-,-,-,-,-,-,-,-,-,-,-,-,-,-,-,-,-,-,-,-,-,-,-,-,-,-,-,-,-,-,-,-,-,-,-,-,-,-,-,-,-,-
1/10/24,-,-,-,-,-,0.0,0.0,0.0,0.0,0.0,0.0,0.0,0.0,0.0,0.0,0.0,0.0,0.0,0.0,0.0,0.0,0.0,0.0,2.0,0.0,0.0,0.0,0.0,0.0,0.0,0.0,0.0,0.0,0.0,5.0,4.0,7.0,1.0,15.0,26.0,22.0,253.0,366.0,499.0,704.0,1361.0,2618.0,9938.0,1787.0,9185.0,10721.0,35610.0,13098.0,24711.0,2912.0,10842.0,108819.0,24422.0,745049.0,189116.0,-,-,-,-,-,-,-,-,-,-,-,-,-,-,-,-,-,-,-,-,-,-,-,-,-,-,-,-,-,-,-,-,-,-,-,-,-,-,-,-,-,-,-,-,-,-,-,-,-,-,-,-,-,-,-,-,-,-,-,-,-,-,-,-,-,-,-,-,-,-,-,-,-,-,-,-,-,-,-,-,-,-,-,-